{"cameraMode":{"drawMode":0,"name":"Shaded","section":"Shading Mode"},"sceneLighting":true,"audioPlay":false,"sceneViewState":{"showFog":false,"showMaterialUpdate":true,"showSkybox":false,"showFlares":true,"showImageEffects":true,"showParticleSystems":true},"in2DMode":false,"pivot":{"x":1.6955777406692505,"y":5.237232208251953,"z":0.7651006579399109},"rotation":{"x":-0.1608317494392395,"y":-0.6688405275344849,"z":0.1515498161315918,"w":-0.7098032832145691},"size":9.169661521911621,"orthographic":false}